{
  "project_info": {
    "project_number": "207122129843",
    "firebase_url": "https://studyvault-6uacy-default-rtdb.firebaseio.com",
    "project_id": "studyvault-6uacy",
    "storage_bucket": "studyvault-6uacy.firebasestorage.app"
  },
  "client": [
    {
      "client_info": {
        "mobilesdk_app_id": "1:207122129843:android:3d0cdb20a22dfe7f6921c6",
        "android_client_info": {
          "package_name": "com.edutech.ncert"
        }
      },
      "oauth_client": [],
      "api_key": [
        {
          "current_key": "AIzaSyDnStZivujYUan9Go2k8N71AUZziDOKtCk"
        }
      ],
      "services": {
        "appinvite_service": {
          "other_platform_oauth_client": []
        }
      }
    }
  ],
  "configuration_version": "1"
}